Name,Category,Price,Upvotes,Description,Link
Insightful Pipe,Marketing,Paid,1,"A platform that connects marketing and ad platforms to AI apps for unified crossâchannel insights, audits, forecasts and reporting.",https://futuretools.link/insightful-pipe-461poe
KaiCalls,Automation & Agents,Paid,1,"A tool to capture leads, qualifying, and follow-up across voice, text, chat, and email.",https://futuretools.link/kaicalls-3iu60j
TranscriptAPI.com,Speech-To-Text,Freemium,1,"An API that xtracts multilingual, timestamped YouTube transcripts via REST request or MCP.",https://futuretools.link/transcriptapi-com-csfgf1
Patternaly,Generative Art,Freemium,2,A tool that converts text prompts into seamless repeating patterns.,https://futuretools.link/patternaly-00cp8c
Adps AI,Productivity,Paid,1,A platform that automates DevOps and SRE tasks to detect and fix cloud/Kubernetes issues.,https://futuretools.link/adps-ai-zvvzug
MaviBot,Chat,Freemium,1,"A nocode platform for building chatbots, CRM, and multichannel messaging.",https://futuretools.link/mavibot-1stzcm
Streamoid,Automation & Agents,Freemium,2,"A tool to automate product lifecycle, generate visuals, and manage catalogs.",https://futuretools.link/streamoid-v9zezv
Baselight Assistant,Aggregators ,Freemium,1,"A platform for exploring, querying, and sharing structured data.",https://futuretools.link/baselight-assistant-4cnhlj
Guideless,Video Editing,Paid,2,A tool that converts browser click-throughs into branded how-to videos.,https://futuretools.link/guideless-2x8st3
Spell,Generative Art,Freemium,12,"A platform that generates editable, 3D worlds from text or images.",https://futuretools.link/spell-z9d09f
Fermi Dev,Automation & Agents,Paid,3,"A platform that unifies systems, models and automates crossâsystem workflows.",https://futuretools.link/fermi-dev-fwkv8p
We.Inc,Marketing,Paid,3,"A nocode growth platform to build, market, and sell from one dashboard.",https://futuretools.link/we-inc-j641j6
Dafthunk,Automation & Agents,Paid,1,A browser-based visual workflow builder for serverless automation on Cloudflare's edge.,https://futuretools.link/dafthunk-ogymlh
RoomX AI,Image Improvement,Freemium,2,A tool that that genrates staged images and listing videos from vacant property photos.,https://futuretools.link/roomx-ai-km7og3
Commentions,Social Media,Paid,2,"A tool that posts contextual, comments on X, LinkedIn, and YouTube to mention your brand and drive traffic.",https://futuretools.link/commentions-0uwlc2
Hypnotype,Generative Video,Freemium,5,A tool that turns long-form audio into kinetic typography videos by transcribing and syncing text with visual templates.,https://futuretools.link/hypnotype-kquw3n
One Course,Productivity,Freemium,3,"A tool for course authoring and LMS that drafts content, manages learners, and enterprise integration.",https://futuretools.link/one-course-rsdap2
Devgraph.ai,Productivity,Paid,1,An ontology engine that maps developer tools into a live knowledge graph to ground LLMs and unified search.,https://futuretools.link/devgraph-ai-cfe4bq
MeltPlan,Productivity,Paid,2,"A construction-aware platform for preconstruction with cited code answers, estimator-reviewed takeoffs, and coordinated model clash detection.",https://futuretools.link/meltplan-r9pzmh
Waplify,Marketing,Paid,3,"A WhatsApp marketing platform with purchase solution for broadcasts, automation, contact/team inbox, and analytics.",https://futuretools.link/waplify-2cb3ni
Brightcall.ai,Automation & Agents,Paid,2,"A platform for lead qualification, appointment booking, and support with CRM integrations.",https://futuretools.link/brightcall-ai-us5shj
CloudGo.ai,Automation & Agents,Paid,7,"A platform for cloud infrastructure recommendations for cost, security, performance, and architecture.",https://futuretools.link/cloudgo-ai-k0xrlm
Control Mapping,Research,Paid,3,"A tool for regulatory-to-control mapping, gap analysis, and prioritized remediation recommendations.",https://futuretools.link/control-mapping-8ujc02
Grella,Productivity,Paid,12,"A platform with AI workspace for law firms that lets teams upload case files to search, analyze, draft, and get context-aware answers with citations.",https://futuretools.link/grella-btrksf
BrainGrid,Generative Code,Paid,8,"A tool that turns prompts into specs, scoped tasks, and production-ready prompts by analyzing codebases, generating tests and auto-reviews.",https://futuretools.link/braingrid-75vux2
Loki.Build,Marketing,Paid,4,A website builder that generates and publishes landing pages from prompts or URLs.,https://futuretools.link/loki-build-yziwlo
Compyle,Generative Code,Paid,3,"An coding agent that analyzes github codebase, write code, and opens PRs for review.",https://futuretools.link/compyle-t2cede
Cruxi,Finance,Paid,3,A platform for regulatory submissions of medical devices with compliance checks and human review.,https://futuretools.link/cruxi-if4vgp
Ad Suite AI,Marketing,Paid,4,"A platform for creation, launch, and optimization of Google and Meta ad campaigns with briefs, creative, and ongoing management.",https://futuretools.link/ad-suite-ai-8c606o
RepEdge.ai,Speech-To-Text,Paid,1,"A platform that transcribes and analyzes sales calls, scores win probability, and provides coaching and dashboards.",https://futuretools.link/repedge-ai-ydtnor
PromptGuard,AI Detection,Freemium,7,"A real-time prompt firewall that sanitizes inputs, blocks prompt injection, redacts PII, and prevents data leaks.",https://futuretools.link/promptguard-67qi4b
GrowthOS,Marketing,Paid,3,"A tool that unifies web, app, and CRM data to segmentation, personalization, and omnichannel campaigns.",https://futuretools.link/growthos-ipsxl9
niti.ai,Marketing,Paid,1,A platform that automates retention and marginâaware offer optimization with personalized multi-channel campaigns.,https://futuretools.link/niti-ai-6cuuz9
MedAlly,Automation & Agents,Freemium,3,"A platform that automates clinical documentation, diagnostics, and coding for clinician paperwork and care.",https://futuretools.link/medally-v6gj40
Dor Labs,Generative Art,Freemium,6,"A tool that converts a single reference into 3Ã3 storyboard and thumbnail grids, generates alternate shots/Bâroll, and provides selective upscaling.",https://futuretools.link/dor-labs-h8as53
Sup AI,Research,Freemium,7,"An unified multimodel AI workspace delivering reliable, auditable, low-hallucination answers.",https://futuretools.link/sup-ai-12h8qm
TextDeck,Productivity,Paid,13,A tool that converts text prompts into fully designed PowerPoint decks.,https://futuretools.link/textdeck-c2vfvg
Subject.so,Generative Video,Paid,7,A tool that turns ideas into cohesive storyboards and finished videos using narrative and visuals.,https://futuretools.link/subject-so-brynpr
SociaVault,Social Media,Paid,2,An API for extracting real-time structured social data from 25+ platforms.,https://futuretools.link/sociavault-icmcnv
Autohive,Automation & Agents,Freemium,9,A Nocode platform to visually build and run AI agents and workflows for repetitive business tasks.,https://futuretools.link/autohive-q50tof
AccessAudit,Generative Code,Freemium,4,"A web accessibility scanner that finds WCAG/ADA/Section 508 issues, issues compliance badges, and generates AI code fixes.",https://futuretools.link/accessaudit-s7hg4w
Superway,Research,Paid,4,A platform that scans signals to surface and forecast trends and provide data-backed recommendations.,https://futuretools.link/superway-oyaxky
Tenets,Generative Code,Open Source,3,"A tool that builds code context (MCP server, Python library, CLI) to provide high-signal, privacy-preserving project context for AI coding assistants.",https://futuretools.link/tenets-5liib9
FAQ Ally,Chat,Paid,5,A tool that converts company documents into a searchable AI-trained knowledge base and conversational assistants.,https://futuretools.link/faq-ally-62cpzc
Crops,Productivity,Paid,4,"A platform that auto-tags and organizes creative assets, scans designs for issues, and centralizes feedback.",https://futuretools.link/crops-d9rk02
AutoSend,Marketing,Paid,5,"A tool and API to send and track transactional and marketing emails
",https://futuretools.link/autosend-q782qd
Liquiflow,Generative Code,Paid,8,A tool that converts Webflow designs into editable Shopify 2.0 themes.,https://futuretools.link/liquiflow-t5idc0
FeatureShark,Productivity,Paid,4,"A tool that centralizes customer feedback to analyze, prioritize, and manage product roadmaps.",https://futuretools.link/featureshark-jfiihp
MyClone,Avatar,Freemium,5,"A tool that creates personalized, voice-enabled AI clones for conversations and to capture leads.",https://futuretools.link/myclone-btxxyv
AutEng,Productivity,Paid,5,"An online editor combining Markdown, Mermaid, KaTeX, and embedded AI to generate and maintain technical documentation.",https://futuretools.link/auteng-e2a07o
Skene App,Automation & Agents,Freemium,9,"A platform that generates role-aware onboarding dashboards, interactive walkthroughs, and docs from your codebase.",https://futuretools.link/skene-app-x7t1uj
MyBusinessFlow,Marketing,Paid,9,"A platform that drives local traffic, answers calls, and books jobs.",https://futuretools.link/mybusinessflow-ihxxwj
Bloom,Marketing,Paid,6,"A tool that generates branded assets by scanning a website to extract colors, typography, logos, imagery and tone.",https://futuretools.link/bloom-gb5ptb
AppWizzy,Generative Code,Freemium,13,An app builder that converts specs into full-stack web apps.,https://futuretools.link/appwizzy-6cfal7
Zest,Productivity,Paid,6,"An VS Code extension that analyzes coding sessions to surface prompt insights, reusable cheatcodes, and team adoption metrics.",https://futuretools.link/zest-j1lae3
Aira,Automation & Agents,Paid,12,"A virtual receptionist that handles calls, messages, appointments, routing, and concise call summaries.",https://futuretools.link/aira-lbqybk
Agentive SEO,Copywriting,Paid,14,A platform for end-to-end SEO content production and publishing.,https://futuretools.link/agentive-seo-hm6wn8
CodeProt,Generative Code,Paid,6,"A tool for code review analyze PRs, suggest fixes, and finds vulnerabilities.",https://futuretools.link/codeprot-6pnjbh
MonsterOps,Productivity,Freemium,7,"An allâinâone business operating system that centralizes KPIs, EOSâstyle meeting agendas, and manages accountability workflows.",https://futuretools.link/monsterops-8o2jn4
DebuggAI,Automation & Agents,Freemium,4,An end-to-end browser testing tool for PRs that generates and runs UI tests.,https://futuretools.link/debuggai-ddb3s4
Didoo AI,Marketing,Paid,5,A tool for creating and optimizing of Facebook and Instagram ads ROAS.,https://futuretools.link/didoo-ai-9kekr8
BlendedCal.com,Productivity,Freemium,4,"A tool that merges and syncs events from multiple calendars into unified, tag-filterable views you can share.",https://futuretools.link/blendedcal-com-3fj023
ZeroThreat,Research,Freemium,8,A platform for autonomous pentest and DAST for web apps and APIs.,https://futuretools.link/zerothreat-4s0vjz
ShopOS,Marketing,Paid,10,A tool for e-commerce content and localized ad campaigns using AI agents.,https://futuretools.link/shopos-lxw9lv
UserTrace,Automation & Agents,Paid,9,"An evaluation platform that simulates user journeys and assesses functionality, safety, and user satisfaction.",https://futuretools.link/usertrace-2ntesq
Email Template Builder,Marketing,Paid,14,A tool that creates branded HTML email templates.,https://futuretools.link/email-template-builder-nqthvo
Everdone,Generative Code,Paid,2,A platform that generates and maintains code documentation from a GitHub repository.,https://futuretools.link/everdone-pqcgb5
YouWare,Generative Code,Freemium,12,"A tool that converts prompts, designs or voice commands into fullâstack websites and apps.",https://futuretools.link/youware-148tk8
CoSupport AI,Productivity,Paid,6,"AI customer support platform for ticket resolution, replies, and conversation insights from knowledge base.",https://futuretools.link/cosupport-ai-vd9xe9
Thematic,Research,Paid,4,"A tool that analyzes unstructured text feedback with to extract themes, sentiment, and insights.",https://futuretools.link/thematic-yafhp3
Rewnue,Marketing,Freemium,5,"A platform that creates data-driven, high-converting offer variations.",https://futuretools.link/rewnue-hfxazn
Ordinal,Social Media,Paid,5,"A tool to draft, plan, and schedule social media content.",https://futuretools.link/ordinal-50c0ap
EveChange,Copywriting,Freemium,22,"A platform that drafts, refines, and publishes release notes and marketing copy.",https://futuretools.link/evechange-5aemq5
ORI,Finance,Paid,4,"A tool for BFSI that automates voice, chat and email agents for lead qualification, collections and renewals.",https://futuretools.link/ori-8qza72
Gaffa,Automation & Agents,Paid,8,A REST API for scalable browser automation and web content processing.,https://futuretools.link/gaffa-cq8m6f
UTMGuard,Marketing,Paid,10,A tool that finds and alerts on broken or inconsistent UTM parameters in Google Analytics 4.,https://futuretools.link/utmguard-auwu43
Velt,Productivity,Freemium,7,"A collaboration SDK that adds real-time features like comments, live cursors, and searchable recordings to B2B products.",https://futuretools.link/velt-jljd8k
Plurality Network,Automation & Agents,Freemium,7,"A tool for decentralized profile and context layer to preserve user memories, preferences, and context across LLMs and apps.",https://futuretools.link/plurality-network-k2bq4x
emdash,Automation & Agents,Open Source,3,A tool that orchestrates parallel AI coding agents in isolated Git worktrees for development and PR workflows.,https://futuretools.link/emdash-o1g5gw
EverMind,Automation & Agents,Open Source,4,A tool that gives LLMs long-term memory and a persistent identity for personalized AI agents.,https://futuretools.link/evermind-rstq4j
Cospace,Productivity,Freemium,2,"An allâinâone workspace that centralizes files, collaboration, noâcode apps and data tools for workflows and insights.",https://futuretools.link/cospace-pjk4qj
Alloy,Generative Code,Freemium,4,"A tool that captures live web apps to create interactive, prototypes and export React code.",https://futuretools.link/alloy-z3guze
UXMagic.ai,Generative Code,Paid,11,"A tool that onverts text prompts, screenshots, sketches or URLs into Figma wireframes, mockups and exportable HTML/React code.",https://futuretools.link/uxmagic-ai-j6z0xy
Genaraera,Generative Art,Paid,9,"A tool that creates infographics from text, data, or images.",https://futuretools.link/genaraera-yltdl4
Astron Agent,Automation & Agents,GitHub,9,"A tool to build, run, and scale AI-driven agentic workflows for cross-system processes.",https://futuretools.link/astron-agent-lvzj4p
NodeLand,Productivity,Paid,4,"A visual workspace that turns notes, documents, and videos into interactive mind maps.",https://futuretools.link/nodeland-a6jj9o
Rootlenses,Automation & Agents,Paid,4,A tool to query and visualize connected data and automate outreach with conversational voice agents.,https://futuretools.link/rootlenses-aanjx9
Atono,Productivity,Freemium,8,"A platform that unifies roadmapping, story and project management.",https://futuretools.link/atono-sco1y6
Starzero.ai,Video Editing,Freemium,18,A tool that finds exact moments in videos using multimodal AI.,https://futuretools.link/starzero-ai-gi6t23
Google Antigravity,Automation & Agents,Free,60,"An agentic IDE that turns developer intent into working code, UI prototypes, tests, and verifications using AI agents.",https://futuretools.link/google-antigravity-p0ti21
2wai,Avatar,Paid,25,An iOS app for creating AI avatars from a short phone video and conversations in 40+ languages.,https://futuretools.link/2wai-4231vx
Leni,Finance,Paid,8,"A platform for commercial real estate analytics, reporting, and KPI guidance.",https://futuretools.link/leni-ey2ncu
Kipps AI,Automation & Agents,Freemium,5,"A tool to build voice, chat and WhatsApp agents for customer support and lead qualification.",https://futuretools.link/kipps-ai-xhdpa3
inboxparser,Productivity,Paid,3,A tool that extracts structured data from documents and emails.,https://futuretools.link/inboxparser-lzxi2a
Hiver,Chat,Freemium,3,"A tool that unifies support channels, draft replies and repetitive customer-service tasks.",https://futuretools.link/hiver-7pc87r
PostSyncer,Social Media,Paid,13,"A tool for social media scheduling and create content, captions, and engagement.",https://futuretools.link/postsyncer-2jpcir
Thread Deck,Productivity,Freemium,4,"A canvas-first workspace that connects notes, prompts, personas, and AI outputs for collaborative ideation.",https://futuretools.link/thread-deck-lglp5e
Requisor,Productivity,Paid,3,"A tool that converts ideas and documents into project plans, Kanban boards, timelines, and prioritized tasks.",https://futuretools.link/requisor-jjbw0w
Anyreach,Automation & Agents,Freemium,1,"An omnichannel conversational platform for customer service and sales across voice, SMS, email and chat.",https://futuretools.link/anyreach-vlca3n
PageOn.AI,Productivity,Freemium,7,"A tool that creates data-backed, presentations and interactive infographics from prompts, documents, or links.",https://futuretools.link/pageon-ai-h0c9md
